first_name,middle_name,last_name,password,net_id,email
John,Alexander,Smith,SmithPass123!,abc123,john.smith@example.com
Emily,,Johnson,SecurePwd456,def456,emily.johnson@example.com
Michael,David,Williams,StrongPwd789,ghi789,michael.williams@example.com
Sarah,,Brown,SecretPwd123,jkl123,sarah.brown@example.com
David,Andrew,Jones,Pa$$w0rd,xyz456,david.jones@example.com
Jennifer,Lynn,Miller,Password123,mno789,jennifer.miller@example.com
Matthew,Ryan,Davis,SecurePassword1,pqr456,matthew.davis@example.com
Jessica,,Wilson,MyPwd456,stu123,jessica.wilson@example.com
Christopher,James,Thompson,Passw0rd!,vwx456,christopher.thompson@example.com
Amanda,Marie,Anderson,Secure123,yza789,amanda.anderson@example.com
Daniel,Robert,White,StrongPwd12,bcd456,daniel.white@example.com
Elizabeth,Ann,Martin,Password789,cde789,elizabeth.martin@example.com
Ryan,Joseph,Harris,Secret123,efg123,ryan.harris@example.com
Stephanie,,Taylor,P@ssword1,fgh456,stephanie.taylor@example.com
Jason,Patrick,Martinez,Pwd123!,hij789,jason.martinez@example.com
Lauren,Ashley,Lewis,SecurePwd789,ijk123,lauren.lewis@example.com
Kevin,Thomas,Robinson,StrongPassword!,klm456,kevin.robinson@example.com
Ashley,Nicole,Hall,MySecretPwd,mno123,ashley.hall@example.com
Eric,William,Young,Passw0rd12,nop789,eric.young@example.com
